{
  "ahp": {
    "pluie": 0.30743954990382405,
    "altitude": 0.2009993478961856,
    "pente": 0.13304310785554205,
    "drainage": 0.19983158714315838,
    "sol": 0.1058662653505784,
    "usage": 0.05282014185071148
  },
  "ml": {
    "altitude": 0.2698808563205619,
    "pente": 0.13603439110243445,
    "pluie": 0.18478250113997827,
    "drainage": 0.17190305205484693,
    "sol": 0.12864030725618159,
    "usage": 0.10875886480720127
  },
  "final": {
    "pluie": 0.2706424374927579,
    "altitude": 0.2216638022401749,
    "pente": 0.13394049392733767,
    "drainage": 0.1914530281857448,
    "sol": 0.11269847884589536,
    "usage": 0.06960175930808929
  }
}